id,document,citing,cited_work,citing_sentence,kg_claims_of_cited_work,label_A_kg,rationale_A,label_B_llm_only,rationale_B,human_label,human_comment
1,ICRAMCS2025F.pdf,A Comparative Study of Similarity Metrics for SVM-Based Recurrent Ticket Prediction,Explainable machine learning models applied to predicting customer churn for e-commerce,The first method uses Jaccard similarity; the second uses Cosine similarity and the third uses SBERT and Cosine similarity by a hybrid approach [3] [4] [5].,Similarity-based SVM methods can predict ticket recurrence,unrelated,"The cited work (Boukrouh & Azmani) compares seven ML classifiers, including SVM, for e-commerce churn prediction and uses SHAP/LIME for explanation. It does not discuss Jaccard similarity, Cosine similarity, SBERT or any hybrid similarity approach, which is what the citing sentence describes.",unrelated,"As far as I know, this work is about explainable machine learning (e.g., interpretable classifiers and feature attribution) for predicting e-commerce customer churn, not Jaccard, Cosine or SBERT-based similarity methods. My knowledge of the paper's details is limited, but its scope does not address the similarity-metric methods named in the sentence.",,
2,Paper_101-Enhancing_Predictive_Analysis_of_Vehicle_Accident_Risk.pdf,the article Enhancing Predictive Analysis of Vehicle Accident Risk: A Fuzzy-Bayesian Approach,Study [26] Driving Behavior Evaluation,"The purpose of two works [25] and [26] was the evaluation of driving behavior, and modeling drivers' vehicle usage patterns based on the time of day.",BNs are applied in transportation for accident prevention categories,insufficient_evidence,"The only description of Study [26] repeats the citing sentence from the vehicle-accident paper, and no bibliographic entry or content for [26] itself is available. The other 'Study [26]' entity is a dairy supplier-evaluation work from a different paper (chunk 6) and cannot be used to judge this citation.",insufficient_evidence,"The cited work is identified only by the generic label ""Study [26] Driving Behavior Evaluation,"" with no authors, title, or venue, so I cannot identify the actual paper or verify its content. No evidence was provided to confirm that it evaluates driving behavior or models time-of-day vehicle usage patterns.",,
3,Symbiotic_Combination_of_a_Bayesian_Network_and_Fu.pdf,the article Symbiotic Combination of a Bayesian Network and Fuzzy Logic to Quantify the QoS in a VANET: Application in Logistic 4.0,FB Approach for VANET Collision Warning Systems,"The FB approach has been used in many studies and domains-for example, in the ecological domain [37], medicine [38], logistics [39], and collision warning systems in VANET [40].<SEP>Prior works considered few parameters simultaneously, while This Paper considers multiple parameters.",The FB approach has been used in many studies and domains | Prior FB studies consider only a few parameters simultaneously,partially_supports,"Reference [40] (Golestan, Karray, Kamel 2013) is titled 'High level information fusion through a fuzzy extension to multi-entity Bayesian networks in vehicular ad-hoc networks,' which confirms a fuzzy-Bayesian approach was applied in VANETs. The evidence does not confirm the collision-warning application or the claim that it considered only a few parameters.",insufficient_evidence,"The title suggests the cited work applies a fuzzy-Bayesian (FB) approach to VANET collision warning, but I don't know this specific work well enough to confirm it. I also can't verify the claim that prior works considered only a few parameters.",,
4,Paper_101-Enhancing_Predictive_Analysis_of_Vehicle_Accident_Risk.pdf,the article Enhancing Predictive Analysis of Vehicle Accident Risk: A Fuzzy-Bayesian Approach,Study [11] Genetic Algorithms,"""...Genetic Algorithms [11], [12], [13]..."" listed among road traffic accident forecasting methods.",Various methods are used for road traffic accident forecasting,partially_supports,"Reference [11] is Clarke et al. (1998), which uses a genetic algorithm on road-junction accidents to extract descriptive rules from police case files. That confirms genetic algorithms were applied to road accident analysis, but the title describes descriptive rule extraction rather than forecasting.",insufficient_evidence,"The cited work is identified only as 'Study [11] Genetic Algorithms' with no title, authors, or venue, so I cannot tell which paper it is or whether it applies genetic algorithms to road traffic accident forecasting. No evidence was provided to settle this.",,
5,4597JPB.pdf,Burnout: A Pervasive Challenge Threatening Workplace Well-Being and Organizational Success,"Akowoura & Livian, 2023","Table 1: ""(Akowoura & Livian, 2023) At work, conflicts could appear due to different causes. Conflicts arise more frequently in the workplace regarding working conditions, respect, and a lack of respect. ... Generally speaking, status and salary are the most present in the public and administrative sector.""<SEP>In companies, different aspects can be the source of conflicts (Akowoura & Livian, 2023).",Workplace conflicts arise over working conditions and respect | Status and salary are most present in the public and administrative sector | Different aspects in companies can be sources of conflicts,insufficient_evidence,"All the available evidence comes from the citing article itself: its Table 1 and Table 2 attribute the conflict-related statements to Akowoura & Livian (2023). No passage or entity describes the content of the cited work, so it cannot be verified that the cited work substantiates the claims.",insufficient_evidence,"I do not know Akowoura & Livian (2023) well enough to confirm whether it identifies working conditions, respect, status, and salary as frequent sources of workplace conflict, or that status and salary dominate in the public and administrative sector. No evidence was provided to verify the claim.",,
6,Paper_101-Enhancing_Predictive_Analysis_of_Vehicle_Accident_Risk.pdf,the article Enhancing Predictive Analysis of Vehicle Accident Risk: A Fuzzy-Bayesian Approach,Study [14] Bayesian Networks,"""...Bayesian Networks [14], [15]..."" listed among road traffic accident forecasting methods.",Various methods are used for road traffic accident forecasting,insufficient_evidence,"The only evidence about [14] is the citing sentence itself (chunk 3, and the entity description that restates it); no bibliographic details or content from the cited work are available. It therefore cannot be checked whether [14] actually applies Bayesian Networks to road traffic accident forecasting.",insufficient_evidence,"The cited work is identified only as 'Study [14] Bayesian Networks', with no title, authors or year, so I cannot tell which publication it is or check whether it uses Bayesian Networks to forecast road traffic accidents. No evidence passages were provided.",,
7,A_bibliometric_analysis_of_feature_selection_techn.pdf,"A Bibliometric Analysis of Feature Selection Techniques: Trends, Innovations",Wang [46],"Figure 9 illustrates clusters of co-authors working together, with authors Wang [33], [40]–[45], Wang [46], [47], and Wang [33], [48]–[50] having the largest number of collaborators in producing documents on feature selection techniques.",Authors Named Wang have the largest number of collaborators in feature selection research,insufficient_evidence,"The evidence contains only a placeholder description of Wang [46] (an author named Wang working on feature selection) and the citing sentence itself; the cited work's content, authorship and collaborator counts are not described. Its support for the claim about having the largest number of collaborators therefore cannot be verified.",insufficient_evidence,"The cited work is identified only as ""Wang [46]"" with no title, venue or year, so I cannot pin down which paper it is or check whether it is a feature selection paper by a highly collaborative author Wang. Without knowing the specific work, I cannot judge whether it supports the co-authorship cluster claim.",,
8,A_Comprehensive_Framework_for_Supplier_Selection_Using_Subjective_Objective_and_Hybrid_Multi-Criteria_Decision-Making_Techniques_With_Sensitivity_Analysis_F (1).pdf,"the article A Comprehensive Framework for Supplier Selection: Using Subjective, Objective, and Hybrid Multi-Criteria Decision-Making Techniques With Sensitivity Analysis",Study [27],"Additionally, in sectors such as textiles [2], fashion [25], dairy [26], and aerospace and defense [27], various studies utilize methods including AHP, AHP-TOPSIS, fuzzy TOPSIS and FAHP-TOPSIS for supplier evaluation.","Quality, delivery time and cost are commonly prioritized supplier criteria",partially_supports,"The evidence confirms that [27] (Rasmussen et al., 2023) addresses supplier selection in the aerospace and defense industry using MCDM methods, which fits the sector part of the sentence. It does not show which specific method [27] uses (AHP, AHP-TOPSIS, fuzzy TOPSIS or FAHP-TOPSIS), so the methodological part is unverified.",insufficient_evidence,"The cited work is identified only as ""Study [27]"" with no title, authors, or content, so I cannot tell which aerospace and defense supplier-selection study it is or which MCDM method it used. Without knowing the work, I cannot judge whether it supports the claim.",,
9,Hybrid_Approach_Integrating_Deep_Learning-Autoencoder_With_Statistical_Process_Control_Chart_for_Anomaly_Detection_Case_Study_in_Injection_Molding_Process1.pdf,the article Hybrid Approach Integrating Deep Learning-Autoencoder With Statistical Process Control Chart for Anomaly Detection: Case Study in Injection Molding Process,Malindzakova et al. [28] Shewhart Control Charts for Plastic Moldings,The paper authored by Malindzakova et al. [28] focuses on evaluating the quality characteristics of plastic moldings for automotive industry requirements using Shewhart control charts.,SPC research detects anomalies in production | Shewhart control charts improve quality and efficiency in manufacturing,partially_supports,"The bibliographic entry for [28] (""Shewhart control charts implementation for quality and production management"", Processes 2023) independently confirms that the work uses Shewhart control charts for quality management. The specific claims about plastic moldings and automotive requirements come only from the citing article's own summary, not from the cited work's text.",supports,"From what I recall, Malindzakova et al. applied Shewhart control charts to quality characteristics of plastic moldings made for the automotive industry, which matches the citing sentence. This rests on recall and on the cited title, not on checking the paper's text.",,
10,7561-ArticleText-31951-37131-10-20251228.pdf,the article Assessing Musculoskeletal Disorder Susceptibility in Professional Drivers Using K-Means Algorithms,Cohen et al. [14],Cohen et al. [14] investigated the use of deep neural networks to detect wrist fractures on X-rays.,Deep neural networks outperform non-radiologists in wrist fracture diagnosis | Deep learning improves diagnosis of musculoskeletal pathologies,partially_supports,"The bibliography entry for [14] (Cohen et al., Eur Radiol 2023) has a title showing it studies AI accuracy for wrist fracture detection on radiographs, which matches the core topic of the citing sentence. However, no content from the cited paper confirms that it specifically used deep neural networks; that detail comes only from the citing article's own description.",insufficient_evidence,"The cited work is identified only as ""Cohen et al. [14]"", with no title, year or venue, so I cannot reliably tell which publication is meant. A plausible candidate is Cohen et al. (2023, European Radiology) on AI detection of wrist fractures on radiographs, but without confirmation I cannot verify that it supports the claim.",,
11,A_bibliometric_analysis_of_feature_selection_techn.pdf,"the article A bibliometric analysis of feature selection techniques: trends, innovations, and future directions",Ref [15] Bioinformatics,"The technology sector has integrated these methods into intrusion detection systems and natural language processing applications [13], [14], and bioinformatics leverages them for gene expression analysis and protein structure prediction [15].",Feature selection is applied across many sectors,partially_supports,"Ref [15] (Chen and Dhahbi, Scientific Reports 2021) applies overlapping feature selection methods to gene expression analysis for lung cancer classification and biomarker identification, which supports the bioinformatics gene expression claim. Nothing in the evidence shows it addresses protein structure prediction, so that part of the sentence is unsupported.",insufficient_evidence,"The cited work is identified only by the generic title ""Bioinformatics"", which could be a journal name or any of many works, so I cannot tell what it contains. Without knowing the work, I cannot judge whether it covers feature selection for gene expression analysis and protein structure prediction.",,
12,Hybrid_Approach_Integrating_Deep_Learning-Autoencoder_With_Statistical_Process_Control_Chart_for_Anomaly_Detection_Case_Study_in_Injection_Molding_Process1.pdf,Hybrid Approach Integrating Deep Learning-Autoencoder With SPC Chart,Ref [13] Normal Distribution Assumption,Assumption of normal distribution [13]: SPC techniques such as control charts often assume that process data follows a normal distribution.,SPC Techniques Assume Normally Distributed Data,insufficient_evidence,"The bibliography identifies [13] as Godina et al., 'Improvement of the Statistical Process Control Certainty in an Automotive Manufacturing Unit', but the evidence has only its title and no content showing it discusses SPC's normality assumption. The other passages describe the citing article's own claim, not the cited work.",insufficient_evidence,"The cited work is identified only by a placeholder title (""Ref [13] Normal Distribution Assumption""), with no authors, venue, or year, so I cannot identify it or verify what it actually says. The statement that control charts often assume normality is standard in SPC, but that alone does not establish what this particular reference contains.",,
13,InfocomJ_2022_3_4_Khalfaoui.pdf,Decentralized Authentication Mechanism for Mobile Ad hoc Networks,Ref [3] MANET Packet Forwarding,The operating approach for nodes is to receive packets and transmit them to the next-hop through intermediate nodes until they arrive at their destination [3].,MANET nodes forward packets through intermediate nodes,insufficient_evidence,"The evidence identifies Ref [3] only through its bibliography entry (Anand and Sasikala, 2019, an energy-optimization AODV protocol paper) and the citing sentence itself; none of its content is provided. The entity description that it is a source on MANET packet forwarding is derived from the citing sentence, so whether the cited work actually substantiates the statement cannot be verified.",insufficient_evidence,"The cited work is identified only as ""MANET Packet Forwarding,"" which is too vague to pinpoint a specific publication I know well enough to verify. No evidence was provided, so I cannot confirm whether it substantiates the description of multi-hop forwarding through intermediate nodes.",,
14,25293-55764-1-PB.pdf,the article Explainable machine learning models applied to predicting customer churn for e-commerce,Xiahou and Harada [17],"According to Xiahou and Harada [17], a predictive model for customer churn in business-to-consumer (B2C) e-commerce combines customer segmentation using k-means and prediction with SVM.",K-Means segmentation improves churn prediction accuracy,supports,"The cited work's title, 'B2C e-commerce customer churn prediction based on k-means and SVM', and its graph description both state that it proposes a B2C e-commerce churn prediction model that combines k-means customer segmentation with SVM prediction. This matches the citing sentence exactly.",supports,"Xiahou and Harada (2022, Journal of Theoretical and Applied Electronic Commerce Research), ""B2C E-Commerce Customer Churn Prediction Based on K-Means and SVM"", proposes a churn model for B2C e-commerce that first segments customers with k-means and then predicts churn with SVM. This matches the citing sentence; the identification relies on my recall of the paper, since no evidence was provided.",,
15,From_Uncertainty_to_Decision_An_Intelligent_Predic.pdf,Intelligent Predictive Maintenance Using Fuzzy Bayesian Networks for Critical IT Components,Ref [12] Interpretable ML for Hard Drive Failure Prediction,"Interpretable ML models have been used to predict hardware failures in hard drives, providing both accurate prognostics and explainable insights for system operators [12].",Interpretable ML predicts hard drive failures with explainable insights,insufficient_evidence,"The only information about Ref [12] comes from the citing article's own sentence, and the provided reference list chunk does not show the bibliographic entry or any content from the cited work. There is therefore no independent evidence about its methods, accuracy, or the explainability it offers operators.",insufficient_evidence,"The citation gives only a generic title, 'Interpretable ML for Hard Drive Failure Prediction', with no authors, venue or year, so I cannot pin it to a specific paper I know well enough to check its contents. The title matches the topic of the sentence, but without knowing the actual work I cannot confirm it reports both accurate prognostics and explainable insights for system operators.",,
16,From_Uncertainty_to_Decision_An_Intelligent_Predic.pdf,Intelligent Predictive Maintenance Using Fuzzy Bayesian Networks for Critical IT Components,Ref [17] Fuzzy Bayesian Warehouse Disruption Risk,"Fuzzy Bayesian approaches have been applied to predict disruption risks in warehouse planning [17], manage product unavailability in inventory systems [18], and assess delivery delay risks in supply chains [19].",Fuzzy Bayesian approaches predict supply chain and inventory risks,supports,"The bibliography entry for [17] is ""Using Bayesian networks and fuzzy logic to predict warehouse planning disruption risks"" (Abdelilah, Azmani & Azmani, ITEGAM-JETIA 2025), and its title alone directly matches the claim that fuzzy Bayesian approaches have been applied to predict warehouse planning disruption risks. No full-text passage of [17] is available, but the title and the knowledge-graph relationships (combining fuzzy logic with Bayesian networks for that purpose) are consistent with the statement.",insufficient_evidence,"The cited work is identified only by a short descriptive label, not a full bibliographic reference, so I cannot confirm what it reports about applying fuzzy Bayesian methods to warehouse disruption risk. The title suggests it is on topic, but that is not enough to verify support.",,
17,Hybrid_Approach_Integrating_Deep_Learning-Autoencoder_With_Statistical_Process_Control_Chart_for_Anomaly_Detection_Case_Study_in_Injection_Molding_Process1.pdf,Hybrid Approach Integrating Deep Learning-Autoencoder With SPC Chart,Huang et al. [32],Huang et al. [32] address the challenges of predicting polymer melt flow behavior in injection molding due to discrepancies between simulation and actual results.,Virtual-actual correction improves simulated-actual cavity pressure correlation from 81% to 98%,supports,"The cited work, Huang et al., ""Calibration of cavity pressure simulation using autoencoder and multilayer perceptron neural networks"" (Polym. Eng. Sci., 2021), proposes a machine learning model that corrects simulated mold cavity pressure toward actual values in injection molding. Its premise is the discrepancy between simulation and actual results, so it matches the citing statement.",insufficient_evidence,"Only the label ""Huang et al. [32]"" is available, with no title, venue, or year, so the cited paper cannot be reliably identified. No evidence was provided, and I cannot confirm from my own knowledge that this work addresses discrepancies between simulated and actual polymer melt flow in injection molding.",,
18,A_bibliometric_analysis_of_feature_selection_techn.pdf,"the article A bibliometric analysis of feature selection techniques: trends, innovations, and future directions",Ref [20] Microarray Research Trends,"While existing studies have provided valuable insights into specific aspects of feature selection, such as optimization algorithms in healthcare applications [19] and microarray research trends [20], there remains a critical need for a comprehensive understanding of this rapidly evolving field.",Prior studies cover only specific aspects of feature selection,insufficient_evidence,"The only description of Ref [20] comes from the citing sentence itself, and the retrieved reference list stops at [11], so neither the bibliographic details nor the content of the cited microarray study are available. The evidence therefore cannot confirm that [20] analyzes feature selection research trends in microarray data.",insufficient_evidence,"The cited work is identified only as ""Microarray Research Trends,"" which is too vague for me to pin down a specific publication I know. Without being able to identify it, I cannot verify whether it covers feature selection trends in microarray research as the sentence implies.",,
19,4597JPB.pdf,Burnout: A Pervasive Challenge Threatening Workplace Well-Being and Organizational Success,"Ahola et al., 2014","""Burnout exerts various detrimental impacts on an organization, manifesting as heightened absenteeism, reduced commitment to work, increased staff turnover, diminished performance and productivity, and a rise in unsafe working practices and workplace accident rates, as evidenced by studies (Ahola et al., 2014; Kumareswaran, 2023; Ridzuan et al., 2018)."" Also cited for physical and social health effects.","Burnout harms organizations through absenteeism, turnover and reduced productivity | Stress contributes to cardiovascular, musculoskeletal diseases and Type 2 diabetes | Burnout causes social effects such as job dissatisfaction and exhaustion",insufficient_evidence,"The only evidence about Ahola et al. (2014) is its reference entry, a study of the relationship between burnout and depressive symptoms using a person-centred approach, and nothing describes its content on absenteeism, turnover, productivity, accidents, or physical and social health effects. The title suggests a different focus, but without the paper's content its support for the organizational claims cannot be judged.",insufficient_evidence,"The reference ""Ahola et al., 2014"" is ambiguous. It may be Ahola & Hakanen's 2014 chapter ""Burnout and health"", which mainly covers health consequences rather than absenteeism, turnover, productivity or accidents, but I can't confirm the exact work or its coverage of the organizational outcomes claimed.",,
20,Paper.pdf,Security Improvements of Artificial Intelligence in MANET,Hiremath et al. [33] (Adaptive FIS Against Cooperative Black Hole Attack),"""As a result, data packets are dropped in the network, lowering its performance [33]."" Also: ""Hiremath et al. [33] have developed a novel method for detecting and preventing the cooperative black hole attack on MANETs.""",Black hole attacks drop data packets and lower network performance,supports,"The cited work's bibliographic title, 'Adaptive Fuzzy Inference System for Detection and Prevention of Cooperative Black Hole Attack in MANETs' (Hiremath, Anuradha, Pattan, ICIS 2016), directly matches the claim that it developed a method for detecting and preventing cooperative black hole attacks in MANETs. Its focus on black hole attacks also fits the background statement that such attacks drop data packets and lower network performance, though the cited paper's own text on packet dropping is not shown.",supports,"Hiremath et al.'s work proposes an adaptive fuzzy inference system to detect and counter cooperative black hole attacks in MANETs, an attack defined by malicious nodes dropping data packets and degrading network performance. This matches both citing sentences, though my recall of the paper's exact wording is only moderate.",,
21,Toward_Quantum-Safe_Permissioned_Blockchains_Evalu.pdf,Hybrid Post-Quantum Signatures for Hyperledger Fabric,Nasir et al. [33] Performance Analysis of Hyperledger Fabric,"Nasir et al. provided an early performance analysis of Hyperledger Fabric, examining latency, throughput, and scalability under different settings [33].",Fabric performance is highly configuration-sensitive,partially_supports,"The bibliographic entry confirms that [33] (Nasir et al., Security and Communication Networks, 2018) is a performance analysis of Hyperledger Fabric platforms, which supports the 'early performance analysis' part of the sentence. No passage from the cited work itself confirms the specific claim that it examined latency, throughput and scalability under different settings; that detail appears only in the citing article's own wording.",supports,"Nasir et al. (2018), 'Performance Analysis of Hyperledger Fabric Platforms,' is an early empirical study. It compared Fabric v0.6 and v1.0 on execution time, latency and throughput across varying workloads and numbers of nodes, which covers scalability. This matches the citing sentence.",,
22,InfocomJ_2022_3_4_Khalfaoui.pdf,Decentralized Authentication Mechanism for Mobile Ad hoc Networks,Ref [2] MANET Instant Multimedia Networks,"In some situations, people need to set up an instant and temporary multimedia network where devices can communicate immediately, such as in conferences, classrooms, home networks or other civilian locations like a sports stadium, ship or small aircraft [2].",Instant temporary multimedia networks are needed in civilian settings,insufficient_evidence,"The evidence only repeats the citing sentence and gives a truncated bibliographic entry for [2] (an IJAIEM 2013 paper whose title ends in 'applications'). No content from the cited work itself shows it describes instant, temporary multimedia networks in conferences, classrooms, stadiums, ships or aircraft.",insufficient_evidence,"The cited work 'MANET Instant Multimedia Networks' is not identifiable with enough specificity from my own knowledge to confirm whether it lists those deployment scenarios (conferences, classrooms, stadiums, ships, small aircraft). No evidence was provided to verify the claim.",,
23,document.pdf,the article Machine learning-assisted decision support in industrial manufacturing: a case study on injection molding machine selection,Bagging Reference [21],The fundamental principle behind its training strategy is bagging [21].,Random Forest training is based on bagging,insufficient_evidence,The evidence shows only the citing article's own sentence and the knowledge-graph entries derived from it; nothing describes the content of Reference [21] itself. It therefore cannot be verified whether that work establishes bagging as the training principle of Random Forest.,supports,"The cited work appears to be Breiman's 1996 paper introducing bagging (bootstrap aggregating), the foundational reference for the bagging principle that random forest-type ensembles use in training. The reference metadata is minimal, so this identification is somewhat uncertain.",,
24,From_Uncertainty_to_Decision_An_Intelligent_Predic.pdf,Intelligent Predictive Maintenance Using Fuzzy Bayesian Networks for Critical IT Components,Ref [18] Fuzzy Bayesian Inventory Unavailability,"Fuzzy Bayesian approaches have been applied to predict disruption risks in warehouse planning [17], manage product unavailability in inventory systems [18], and assess delivery delay risks in supply chains [19].",Fuzzy Bayesian approaches predict supply chain and inventory risks,supports,"Reference [18] in the citing article's bibliography is Boukrouh, Azmani and Khalfaoui (2024), 'Modeling and managing product unavailability risk in inventory through a fuzzy Bayesian network', and the knowledge graph records that it uses a fuzzy Bayesian network to model inventory unavailability risk. This matches the claim, though the evidence comes from the bibliographic record rather than the paper's own text.",insufficient_evidence,"The cited work is identified only by a vague placeholder title (""Fuzzy Bayesian Inventory Unavailability""), and I cannot reliably recognize a specific publication on fuzzy Bayesian methods for inventory unavailability. Without knowledge of its content, I cannot confirm whether it supports the claim.",,
25,GANsinsyntheticfinancialdata_donalsonwilson_versionpublie.pdf,"the article Generative Adversarial Networks: A Systematic Review of Characteristics, Applications, and Challenges in Financial Data Generation and Market Modeling: 2019-2024",Radford et al. (7),"Table 1 lists Radford et al. (7) for Deep Convolutional GAN (DCGAN), ""widely known for generating high-quality images.""",DCGAN stabilizes training with convolutional layers,insufficient_evidence,"The only evidence about Radford et al. (7) comes from the citing review's own Table 1, which attributes DCGAN to that work; no passage from Radford et al. itself is provided. The claim that DCGAN is known for high-quality image generation therefore cannot be checked against the cited work.",supports,"Radford, Metz and Chintala (2015) introduced DCGAN, ""Unsupervised Representation Learning with Deep Convolutional Generative Adversarial Networks."" It showed convolutional GAN architectures that train stably and produce high-quality images, so it supports the Table 1 entry.",,
26,InfocomJ_2022_3_4_Khalfaoui.pdf,Decentralized Authentication Mechanism for Mobile Ad hoc Networks,Kashish et al. [15],"For FANET; the network of unmanned aerial vehicles (UAVs) that can execute many activities, for example, delivery of goods, rescue missions and terrain monitoring; Kashish et al. [15] proposed a decentralized network authentication approach that adopts a blockchain-based public key infrastructure.",Blockchain-based PKI for FANET keeps throughput and latency constant | Blockchain is useful for different types of MANET,supports,"The bibliography identifies [15] as Khullar, Malhotra and Kumar's 'Decentralized and secure communication architecture for FANETs using blockchain', and the knowledge graph describes it as a decentralized FANET authentication approach using a blockchain-based PKI to share public keys. However, the cited paper's own text is not available, so this judgment relies on the citing article's description plus a matching title (the listed DOI duplicates that of [14]).",insufficient_evidence,"The cited work is identified only as ""Kashish et al. [15]"" with no title or venue, and I cannot reliably recall a specific paper by that author proposing blockchain-based PKI authentication for FANETs. Without evidence I cannot confirm whether it supports the claim.",,
27,978-3-031-75329-9_31.pdf,Machine Learning for Industrial Manufacturing: A Case Study,Ref [8] Multi-Agent System and AHP for Machine Selection,"In [8], researchers used a multi-agent system and Analytical Hierarchy Process (AHP) to select the best machine for manufacturing orders based on factors like quality, time, and cost.",Multi-agent system reduced injection molding defects,supports,"In the citing article's bibliography, Ref [8] is Nyanga et al. (2016), 'Design of a multi agent system for machine selection.' A separate document independently describes this work as using a multi-agent system with AHP-established criteria, with quality, time and cost as key parameters, to select the most suitable machine for production orders, which matches the citing sentence.",insufficient_evidence,"The cited work is identified only by a generic descriptive title with no authors, venue, or year, and I cannot reliably identify which specific paper it is or verify its content. The title matches the claim on the surface, but without knowing the work I cannot confirm the details about quality, time, and cost criteria.",,
28,25293-55764-1-PB.pdf,Explainable Machine Learning Models Applied to Predicting Customer Churn,Baghla and Gupta [5],"Baghla and Gupta [5] focuses on predicting customer churn in the e-commerce sector, employing five machine learning techniques, including neural network, SVM, NB, RF, and the deep learning technique Adam.",Random forest achieves highest accuracy of 99.35% for e-commerce churn prediction,supports,"The knowledge-graph entity for Baghla and Gupta [5] describes an e-commerce churn study using neural network, SVM, NB, RF and the Adam deep learning technique, which matches the citing sentence. This description appears to derive from the citing article's own summary rather than the cited paper's text.",insufficient_evidence,"I only vaguely recall a Baghla and Gupta study on e-commerce churn prediction comparing classifiers. I can't confirm from my own knowledge that it used exactly neural network, SVM, NB, RF and an 'Adam' deep learning technique, so I can't verify the statement.",,
29,A_Comprehensive_Framework_for_Supplier_Selection_Using_Subjective_Objective_and_Hybrid_Multi-Criteria_Decision-Making_Techniques_With_Sensitivity_Analysis_F (1).pdf,Comprehensive Framework for Supplier Selection,Dickson 1966 [15],"The early research into supplier selection and evaluation, initiated by Dickson in 1966 [15]. Dickson conducted a survey involving 274 companies...",Supplier selection research was initiated by Dickson in 1966,supports,"The knowledge graph describes Dickson 1966 [15] as early research on supplier selection and evaluation, based on a survey of 274 companies, and G. W. Dickson's 1966 paper as an analysis of vendor selection systems and decisions. This matches the citing sentence, although the survey details come only from the citing article's own summary rather than from Dickson's text.",partially_supports,"Dickson (1966), 'An analysis of vendor selection systems and decisions' (Journal of Purchasing), is the foundational supplier selection study and did use a survey. However, as I recall it mailed questionnaires to 273 purchasing agents and managers (about 170 responded), not '274 companies', so the specific figure and unit are not substantiated.",,
30,Toward_Quantum-Safe_Permissioned_Blockchains_Evalu.pdf,Toward Quantum-Safe Permissioned Blockchains: Evaluating Hybrid ML-DSA-65/ECDSA Signatures on Hyperledger Fabric,Ref [2] Shor's Algorithm,"While these mechanisms are efficient and mature, they are vulnerable to large-scale quantum attacks based on Shor's algorithm [2], [3].",Classical ECDSA mechanisms are vulnerable to quantum attacks based on Shor's algorithm,supports,"Ref [2] is P. W. Shor's 1994 paper 'Algorithms for quantum computation: Discrete logarithms and factoring', which presents polynomial-time quantum algorithms for the discrete logarithm and factoring problems. These are the foundation of the claimed quantum vulnerability of ECDSA-based mechanisms.",supports,"Shor's work presents polynomial-time quantum algorithms for integer factoring and discrete logarithms, which break RSA and elliptic-curve schemes such as ECDSA. That directly backs the claim that these signature mechanisms are vulnerable to large-scale quantum attacks.",,
31,MVML_120 (1).pdf,the article Integrating Canny Filter and Convolutional Neural Networks for Quality Defect Detection in Injection Molding Process,Reference [21] on Confusion Matrix Outcomes,Each cell of the confusion matrix represents a specific outcome[21],Each confusion matrix cell represents a specific outcome,partially_supports,"In the citing paper's bibliography, reference [21] is Hong and Oh's 'TPR-TNR plot for confusion matrix' (CSAM 2021), which deals with confusion matrices and rates derived from their cells. The evidence only says it proposes a TPR-TNR plot, so it does not confirm that the work defines the TP/FP/TN/FN outcome of each cell.",insufficient_evidence,"The cited work is identified only as a generic placeholder ('Reference [21] on Confusion Matrix Outcomes'), so I cannot tell which publication it is or what it says. Without knowing the actual work, I cannot check whether it supports the statement that each confusion-matrix cell represents a specific outcome.",,
32,7561-ArticleText-31951-37131-10-20251228.pdf,the article Assessing Musculoskeletal Disorder Susceptibility in Professional Drivers Using K-Means Algorithms,Raza et al. [27],"Raza et al. [27] investigated the prevalence of musculoskeletal disorders (MSDs) in two occupational groups, truck drivers and office workers, using three machine learning algorithms: decision tree, random forest, and naïve Bayes.",Truck drivers are more vulnerable to MSDs than office workers,partially_supports,"The bibliographic entry for [27] (Raza et al., Healthcare 2024) confirms that the work compares MSD prevalence in heavy vehicle drivers and office workers using a machine learning approach. The specific use of decision tree, random forest and naïve Bayes is stated only by the citing article itself and is not independently confirmed for the cited work.",insufficient_evidence,"The cited work is identified only as 'Raza et al. [27]' with no title, year, or venue, and I don't know it well enough to confirm that it compared MSD prevalence in truck drivers and office workers using decision tree, random forest, and naïve Bayes. Without verifiable knowledge of its content, I can't judge whether it supports the statement.",,
33,Toward_Quantum-Safe_Permissioned_Blockchains_Evalu.pdf,Hybrid Post-Quantum Signatures for Hyperledger Fabric,FIPS 204,"FIPS 204 defines three ML-DSA parameter sets corresponding to NIST security-strength categories 2, 3, and 5: ML-DSA-44, ML-DSA-65, and ML-DSA-87, respectively [4].<SEP>""FIPS 204 defines three ML-DSA parameter sets corresponding to NIST security-strength categories 2, 3, and 5: ML-DSA-44, ML-DSA-65, and ML-DSA-87, respectively [4]."" A later sentence also cites [4]: ""ML-DSA-65 is the Module-Lattice-Based Digital Signature Algorithm parameter set corresponding to NIST security-strength category 3 in FIPS 204 [4].""","NIST standardization produced ML-DSA in FIPS 204 | FIPS 204 defines three ML-DSA parameter sets | FIPS 204 defines three ML-DSA parameter sets for NIST categories 2, 3 and 5 | ML-DSA-65 corresponds to NIST security-strength category 3 in FIPS 204",supports,"Reference [4] is FIPS 204: Module-Lattice-Based Digital Signature Standard, which standardizes ML-DSA, and the knowledge graph consistently describes it as defining ML-DSA-44, ML-DSA-65 and ML-DSA-87 for NIST categories 2, 3 and 5 (also shown in Table 3). Note that this description comes from the citing paper's own account; the text of FIPS 204 itself is not among the retrieved passages.",supports,"FIPS 204 (August 2024) specifies three ML-DSA parameter sets: ML-DSA-44, ML-DSA-65 and ML-DSA-87, which correspond to NIST security categories 2, 3 and 5. This matches both citing sentences, including the statement that ML-DSA-65 is the category 3 set.",,
34,document.pdf,Machine Learning-Assisted Decision Support in Industrial Manufacturing,Lin and Yang [5],Lin and Yang [5] developed a model employing the AHP to select the most appropriate machine.,AHP-based expert system optimizes machine selection cost-effectiveness and flexibility,supports,"The knowledge graph describes Lin and Yang [5] as developing an AHP-based model, prototype framework and software for choosing the most appropriate machine for specific parts, which matches the citing sentence. This description comes only from the citing article's own summary, since the reference list entry for [5] is not shown, so the cited paper itself is not directly verified.",supports,"Lin and Yang most likely refers to Lin & Yang, 'Evaluation of machine selection by the AHP method' (Journal of Materials Processing Technology, 1996), which applies AHP to choose the most suitable machine. The match rests on the author pair and topic only, since the reference gives no title, so some identification uncertainty remains.",,
35,A_Comprehensive_Framework_for_Supplier_Selection_Using_Subjective_Objective_and_Hybrid_Multi-Criteria_Decision-Making_Techniques_With_Sensitivity_Analysis_F (1).pdf,Comprehensive Framework for Supplier Selection,Yoon 1987,"The TOPSIS approach was initially introduced by Hwang and Yoon in 1981[10], and later elaborated by Yoon in 1987 [9], is a multi-criteria decision-making method designed to facilitate the ranking and selection of the best alternative among several options.",TOPSIS was introduced by Hwang and Yoon and elaborated by Yoon,insufficient_evidence,"Everything known about Yoon 1987 [9] comes from the citing paper's own sentence. The graph labels it as 'further elaborated TOPSIS' and names K. Yoon as author of [9], but there is no title, content or passage from the cited work to show it elaborates TOPSIS.",supports,"Yoon (1987), 'A reconciliation among discrete compromise solutions' (J. Oper. Res. Soc.), further developed and discussed TOPSIS as a compromise method for ranking discrete alternatives, building on Hwang and Yoon (1981). It is the standard citation for the later elaboration the sentence attributes to it.",,
36,poster_nihad.pdf,Development of a Blockchain Solution for Vehicle Management within a Consortium using Hyperledger Fabric,Hyperledger Fabric-Based Multi-Channel Structure for Data Sharing in Connected Vehicle Networks,"By leveraging the decentralized nature of Hyperledger Fabric, each participant is granted secure and permissioned access to a shared ledger, enabling verifiable transactions and immutable data records [3][7][9].","Hyperledger Fabric provides permissioned access to a shared ledger with verifiable, immutable records",insufficient_evidence,"The evidence only identifies the cited work [7] by title, venue (Electronics MDPI, 2023) and its use of a Fabric-based multi-channel structure for connected-vehicle data sharing; no passage from the work describes permissioned ledger access, verifiable transactions or immutable records. Whether it substantiates the specific statement therefore cannot be confirmed.",supports,"As far as I recall, this work proposes a multi-channel Hyperledger Fabric architecture for sharing data among connected-vehicle participants, relying on Fabric's permissioned, channel-based access to a shared, tamper-resistant ledger, which matches the cited statement's generic description of Fabric. My familiarity with the paper's details is limited, so this judgment rests mainly on its stated scope.",,
37,25293-55764-1-PB.pdf,the article Explainable machine learning models applied to predicting customer churn for e-commerce,Amin et al. [23],Amin et al. [23] proposes an innovative learning approach for predicting customer churn using the NB classifier.,Genetic-algorithm-weighted Naive Bayes improves churn prediction,supports,"Reference [23] is Amin, Adnan and Anwar's ""An adaptive learning approach for customer churn prediction in the telecommunication industry using evolutionary computation and naïve Bayes"", which proposes a Naive Bayes-based churn prediction approach with genetic-algorithm feature weighting. This matches the citing sentence's description of a novel learning approach for churn prediction using the NB classifier.",insufficient_evidence,"The citation names only ""Amin et al. [23]"", and several Amin et al. churn papers exist, including the cross-company and just-in-time telecom churn studies that used Naive Bayes, so I cannot be sure which work is meant. Without confirming the specific paper, I cannot verify that it proposes an innovative learning approach using the NB classifier.",,
38,4597JPB.pdf,Burnout: A Pervasive Challenge Threatening Workplace Well-Being and Organizational Success,"Boucherit & Mazouz, 2023","Table 1: ""(Boucherit & Mazouz, 2023) At work, employees can be victims of harassment and stress. Those situation could guide them to depression, which will lead them to be incapable to do their work.""<SEP>Stress is a psychological or an emotional state that an employee can experience due to challenging work, high demand, or even external pressures (Boucherit & Mazouz, 2023; Gaudet, 2023).","Harassment and stress lead to depression and work incapacity | Stress arises from challenging work, high demand or external pressures | Pression results from long hours, mass tasks and negative relations",insufficient_evidence,"All available evidence comes from the citing article (Bouhsaien & Azmani, 2024), which attributes these statements to Boucherit & Mazouz (2023). No passage or entity describes the content of the cited work itself, so it cannot be confirmed that it addresses harassment, depression or this definition of stress.",insufficient_evidence,"I am not familiar enough with Boucherit & Mazouz (2023) to confirm whether it describes workplace harassment and stress leading to depression, or whether it defines stress as arising from challenging work, high demands, or external pressures. No evidence was provided to verify the claim.",,
39,MVML_120 (1).pdf,the article Integrating Canny Filter and Convolutional Neural Networks for Quality Defect Detection in Injection Molding Process,Ha et al. (2021),"Meanwhile, Ha et al. (2021) [23] reached around 93% accuracy utilizing CNN and edge detection with approximately 3,800 images for injection molding.<SEP>The paper compares its results against Ha et al. as a baseline.",Canny filter with CNN achieves high accuracy in defect detection,insufficient_evidence,"The only evidence about Ha et al. (2021) is the citing paper's own restatement (about 93% accuracy with CNN and edge detection on about 3,800 injection-molding images, used as a baseline). No passage or entity from the cited work itself confirms these figures.",insufficient_evidence,"I do not know the specific Ha et al. (2021) work on CNN and edge detection for injection molding well enough to confirm the reported ~93% accuracy or the ~3,800-image dataset size. No evidence was provided to verify the claim.",,
40,Microservices-Driven_Automation_in_Full-Stack_Deve.pdf,the article Microservices-Driven Automation in Full-Stack Development: Bridging Efficiency and Innovation with FSMicroGenerator,Uyanik and Sahin [1],"Uyanik and Sahin [1] introduced an automated code generation tool to accelerate web application development, particularly for TBYS, which is an Enterprise Resource Planning system developed by the Turkish Management Sciences Institute (TÜSSİDE).",Selected works are seminal in code generation tool development,supports,"The knowledge-graph entry for Uyanik and Sahin [1] describes an automated code generation tool for TBYS web development, and the TBYS entity identifies TBYS as an ERP system developed by TÜSSİDE, which matches the sentence. This support is circular, though: every description comes from the citing article's own review (chunk 1), and no text from the cited work itself was retrieved.",insufficient_evidence,"I do not know the Uyanik and Sahin paper well enough to confirm that it presents an automated code generation tool for TBYS, TÜSSİDE's ERP system. No evidence was provided to verify the claim.",,
41,7561-ArticleText-31951-37131-10-20251228.pdf,the article Assessing Musculoskeletal Disorder Susceptibility in Professional Drivers Using K-Means Algorithms,Zhao et al. [13],Zhao et al. [13] have developed a portable inertial measurement unit detection system to identify the risks of musculoskeletal disorders (MSDs) in construction workers.,Wearable sensors combined with machine learning mitigate ergonomic MSD risks,supports,"Reference [13] is Zhao, Obonyo and Bilén, ""Wearable Inertial Measurement Unit Sensing System for Musculoskeletal Disorders Prevention in Construction"" (Sensors, 2021), a wearable IMU system for preventing MSDs in construction workers, which matches the citing sentence. The evidence is limited to the title and the knowledge-graph descriptions of the paper, with no passage from the cited paper itself.",supports,"The reference is most likely Zhao, Obonyo & Bilén (2021, Sensors), 'Wearable Inertial Measurement Unit Sensing System for Musculoskeletal Disorders Prevention in Construction,' which built a wearable IMU system to detect awkward postures and MSD risks in construction workers. This matches the citing sentence, but the exact identity of reference [13] cannot be confirmed from the information given.",,
42,document.pdf,Machine Learning-Assisted Decision Support in Industrial,Learning Curves Analysis Reference [30],"To conduct a comprehensive evaluation of the models based on their learning experiences, we employed learning curves analysis [30] as shown in the Figure 8.",Learning curves are a widely adopted diagnostic tool in ML,supports,"Reference [30] appears to be Giola et al., ""Learning Curves: A Novel Approach for Robustness Improvement of Load Forecasting"", which proposes using learning curves, so it fits a methodological citation for using learning curve analysis to evaluate the models. The match between [30] and that paper rests only on bibliographic entries and the 'Learning Curves' entity description; this paper's reference list beyond [13] is not visible.",insufficient_evidence,"The cited work is only identified by a generic placeholder title ('Learning Curves Analysis Reference [30]') with no authors, venue, or year, so I cannot identify it or assess its content. Without knowing the specific work, I cannot judge whether it substantiates the use of learning curve analysis for model evaluation.",,
43,ACS_10_THEPOTENTIALOFARTIFICIALINTELLIGENCEINHUMANRESOURCEMANAGEMENT.pdf,the article The Potential of Artificial Intelligence in Human Resource Management,"Torres-Salazar et al., 2024","Listed in Table 1: ""This research conducts a descriptive BA to examine the influence of industry 4.0 on business management, highlighting its positive impact on decision-making.""",Industry 4.0 Positively Impacts Decision-Making In Business Management,partially_supports,"The cited work's bibliographic record confirms it is a bibliometric study of Industry 4.0 in business management, matching the core of the statement. The only source for the claimed 'positive impact on decision-making' is the citing article's own Table 1 wording, so the cited work's content does not independently verify that part.",insufficient_evidence,I do not know Torres-Salazar et al. (2024) well enough to confirm that it runs a descriptive bibliometric analysis of Industry 4.0's influence on business management or that it reports a positive effect on decision-making. No evidence text was provided to check the claim.,,
44,10.2478_acss-2022-0011.pdf,the article Using a Fuzzy-Bayesian Approach for Predicting the QoS in VANET,Pearl 1988 Bayesian Network,A Bayesian Network (BN) is a probabilistic graphical model developed by Pearl to aid in reasoning under uncertainty [30].,Bayesian Network Aids Reasoning Under Uncertainty,supports,"The graph identifies the cited work [30] as Pearl's 1988 work. Separate entities link Judea Pearl to 'Probabilistic Reasoning in Intelligent Systems: Networks of Plausible Inference' (1988), which covers Bayesian networks for reasoning under uncertainty and so matches the statement, though most of the description of [30] comes from the citing text itself.",supports,Pearl's 1988 book 'Probabilistic Reasoning in Intelligent Systems: Networks of Plausible Inference' is the foundational work that develops Bayesian networks as probabilistic graphical models for reasoning under uncertainty. It directly substantiates both that Pearl developed BNs and their purpose.,,
45,ICRAMCS2025F.pdf,A Comparative Study of Similarity Metrics for SVM-Based Recurrent Ticket Prediction,Application of Recommendation System on E-Learning Platform Using Content-Based Filtering with Jaccard Similarity and Cosine Similarity Algorithms,The first method uses Jaccard similarity; the second uses Cosine similarity and the third uses SBERT and Cosine similarity by a hybrid approach [3] [4] [5].,Similarity-based SVM methods can predict ticket recurrence,partially_supports,"The cited work [4] applies Jaccard and Cosine similarity in content-based filtering on an e-learning platform, which backs the first two similarity methods named in the sentence. Nothing in the evidence shows it covers SBERT or the hybrid SBERT–Cosine approach, which is presumably supported by the other co-cited references.",partially_supports,"Going by its title, the cited work applies Jaccard and Cosine similarity in a content-based recommender, which supports the first two methods. Nothing indicates it covers the SBERT plus Cosine hybrid approach.",,
46,ACS_10_THEPOTENTIALOFARTIFICIALINTELLIGENCEINHUMANRESOURCEMANAGEMENT.pdf,the article The Potential of Artificial Intelligence in Human Resource Management,Energy- and Labor-Aware Flexible Job Shop Scheduling under Dynamic Electricity Pricing: A Many-Objective Optimization Investigation,"""A flexible workshop planning model, integrated with numerous objectives, considering energy and labor, to optimize production costs in a context of volatile electricity prices and wages. Through tailored algorithms and experiments, it demonstrates efficient resource allocation to minimize costs under various operational conditions."" (Gong et al., 2019)",Energy- and labor-aware scheduling minimizes production costs under volatile prices,partially_supports,"The cited work's title and bibliographic record confirm many-objective flexible job shop scheduling that accounts for energy and labor under dynamic electricity pricing, which matches the core of the statement. The remaining details (volatile wages, tailored algorithms, experiments showing cost-minimizing resource allocation) come only from the citing article's own wording, so they are not independently verified.",supports,"Gong et al. (2019) propose a many-objective flexible job shop scheduling model that accounts for energy and labor under dynamic (time-of-use) electricity prices and varying worker wages. They solve it with a tailored algorithm and test it experimentally to reduce costs, which matches the citing sentence.",,
47,Vol.13.No.7.13.pdf,the article Specification-Driven Synthetic Tabular Data Generation for System Validation and Management Decision Support,"Xu et al., 2019","""Earlier probabilistic approaches relied on Bayesian networks (Gogoshin et al., 2021) and copulas (Kamthe et al., 2021) to learn and sample joint distributions over variables (Xu et al., 2019)."" Also: ""To address this, Xu et al. (2019) proposed CTGAN (Conditional Tabular GAN), which introduces conditional sampling to account for rare categories.""",Probabilistic methods learn and sample joint distributions | CTGAN outperforms Bayesian baselines and earlier GAN/VAEs,partially_supports,"Several sources in the evidence describe Xu et al. (2019), 'Modeling Tabular data using Conditional GAN', as proposing CTGAN with conditional sampling for rare or imbalanced categories, which supports the second statement. For the first statement, the evidence only shows that CTGAN was benchmarked against Bayesian baselines; nothing links Xu et al. to copulas or presents it as a source on probabilistic joint-distribution methods.",supports,"Xu et al. (2019), 'Modeling Tabular Data using Conditional GAN' (NeurIPS), introduced CTGAN, which uses a conditional generator and training-by-sampling to handle imbalanced discrete columns and rare categories. The paper also reviews and benchmarks earlier statistical synthesizers, including Bayesian-network approaches (CLBN, PrivBN), which supports its use as a citation for prior probabilistic methods learning joint distributions.",,
48,Symbiotic_Combination_of_a_Bayesian_Network_and_Fu.pdf,the article Symbiotic Combination of a Bayesian Network and Fuzzy Logic to Quantify the QoS in a VANET: Application in Logistic 4.0,FB Approach Applied in Logistics,"The FB approach has been used in many studies and domains-for example, in the ecological domain [37], medicine [38], logistics [39], and collision warning systems in VANET [40].",The FB approach has been used in many studies and domains,supports,"Reference [39] is Bouhadi et al. (2022), 'Using a Fuzzy-Bayesian Approach for Predictive Analysis of Delivery Delay Risk', which applies the fuzzy-Bayesian approach to delivery delay risk in logistics. This substantiates the claim that the FB approach has been used in logistics.",insufficient_evidence,"The cited work is identified only by a generic placeholder title ('FB Approach Applied in Logistics'), so I cannot pin down which publication it is or verify from my own knowledge that it applies a fuzzy-Bayesian approach to logistics. With no evidence provided, I cannot make a reliable judgment.",,
49,MVML_120 (1).pdf,the article Integrating Canny Filter and Convolutional Neural Networks for Quality Defect Detection in Injection Molding Process,"Zhao, Confusion Matrix Reference [20]","To evaluate the performance of the trained model in identifying quality defects, we utilized the confusion matrix[20].",Confusion matrix is used to evaluate quality defect identification,insufficient_evidence,"The bibliography of the citing article (MVML 120) lists [20] as Gu, Zhu and Cai (2009), 'Evaluation Measures of the Classification Performance of Imbalanced Data Sets', not a work by Zhao, and the knowledge graph itself notes that the 'Zhao' label is unsupported. Beyond the title, no evidence describes the content of the actual [20], so its support for using the confusion matrix cannot be confirmed.",insufficient_evidence,"The cited work is identified only as 'Zhao, Confusion Matrix Reference [20]', with no title, venue, or year, so I cannot identify it or confirm what it says about confusion matrices. Citing a reference for using a confusion matrix in evaluation is plausible, but I cannot verify it from my knowledge.",,
50,Paper.pdf,An Overview of the Security Improvements of Artificial Intelligence in MANET,Ref [3] MANET Origins and Communication Technologies,"""The concept of MANET is not novel, dating back to the DARPA Packet Radio Network project in 1972 [3]."" Also: ""Each technology has specific characteristics like theoretical bit rate, frequency, range and power consumption, as summarized in table 3 of [3].""",MANET dates back to the 1972 DARPA Packet Radio Network | MANET devices use diverse communication technologies,insufficient_evidence,"The only description of Ref [3] comes from the citing article's own sentences (chunk 1 and the derived graph entries), so it restates the claim rather than showing what Ref [3] contains. No passage, abstract or table 3 from the cited work is provided to confirm the 1972 DARPA origin or the summary of technology characteristics.",insufficient_evidence,"The cited work is identified only by a generic placeholder title ('MANET Origins and Communication Technologies'), so I cannot identify the specific publication or check whether it discusses the 1972 DARPA PRNet origin or contains a table 3 comparing bit rate, frequency, range and power consumption. The DARPA PRNet history is commonly cited in MANET surveys, but that does not establish what this particular reference contains.",,
