file_path,title,venue,year
10.2478_acss-2022-0011.pdf,Using a Fuzzy-Bayesian Approach for Predicting the QoS in VANET,Applied Computer Systems,2022
25293-55764-1-PB.pdf,Explainable machine learning models applied to predicting customer churn for e-commerce,IAES Int. J. of Artificial Intelligence,2025
4597JPB.pdf,Burnout: A Pervasive Challenge Threatening Workplace Well-Being and Organizational Success,Int. J. of Professional Business Review,2024
7561-ArticleText-31951-37131-10-20251228.pdf,Assessing Musculoskeletal Disorder Susceptibility in Professional Drivers Using K-Means Algorithms,Informatica,2025
978-3-031-75329-9_31.pdf,Machine Learning for Industrial Manufacturing: A Case Study on Injection Molding Machine Selection Support,Springer proceedings (DATA 2024),2024
ACS_10_THEPOTENTIALOFARTIFICIALINTELLIGENCEINHUMANRESOURCEMANAGEMENT.pdf,The Potential of Artificial Intelligence in Human Resource Management,Applied Computer Science,2024
AHybridApproachforSalesForecastingCombiningDeepLearningandTimeSeries.pdf,A Hybrid Approach for Sales Forecasting: Combining Deep Learning and Time Series Analysis,Int. J. of Engineering,2025
A_Comprehensive_Framework_for_Supplier_Selection_Using_Subjective_Objective_and_Hybrid_Multi-Criteria_Decision-Making_Techniques_With_Sensitivity_Analysis_F (1).pdf,"A Comprehensive Framework for Supplier Selection: Using Subjective, Objective, and Hybrid Multi-Criteria Decision-Making Techniques With Sensitivity Analysis",IEEE Access,2024
A_Deep_Learning_Pipeline_for_Accurate_Road_Detecti.pdf,A Deep Learning Pipeline for Accurate Road Detection in Satellite Imagery,Int. J. of Engineering,2026
A_bibliometric_analysis_of_feature_selection_techn.pdf,"A bibliometric analysis of feature selection techniques: trends, innovations, and future directions",IAES Int. J. of Artificial Intelligence,2025
CIST_171Edited_FV.pdf,Implementation of Digital Twin and Deep Learning for Process Monitoring: Case Study in Injection Molding Manufacturing,EECSS'24 (CIST),2024
CIST_174.pdf,Feature Selection and Classification Performance: A Multi-Dataset Comparative Analysis Using Boruta Algorithm and Random Forest,EECSS'24 (CIST),2024
ComparativestudiesoftheSARIMAandLSTM.pdf,Comparative studies of the SARIMA and LSTM models for sales forecasting of a product category in a Marketplace (abstract),ICRAMCS 2022,2022
Configuration_Driven_Performance_Analysis_of_Hyper.pdf,Configuration Driven Performance Analysis of Hyperledger Fabric: An Empirical Study,IEEE Access (manuscript),---
From_Uncertainty_to_Decision_An_Intelligent_Predic.pdf,From Uncertainty to Decision: An Intelligent Predictive Maintenance Approach Leveraging Fuzzy Bayesian Networks for Critical IT Components,IEEE Access (manuscript),---
GANsinsyntheticfinancialdata_donalsonwilson_versionpublie.pdf,"Generative Adversarial Networks: A Systematic Review of Characteristics, Applications, and Challenges in Financial Data Generation and Market Modeling: 2019-2024",Int. J. of Engineering,2026
Hybrid_Approach_Integrating_Deep_Learning-Autoencoder_With_Statistical_Process_Control_Chart_for_Anomaly_Detection_Case_Study_in_Injection_Molding_Process1.pdf,Hybrid Approach Integrating Deep Learning-Autoencoder With Statistical Process Control Chart for Anomaly Detection: Case Study in Injection Molding Process,IEEE Access,2024
ICRAMCS2025F.pdf,A Comparative Study of Similarity Metrics for SVM-Based Recurrent Ticket Prediction (abstract),ICRAMCS 2025,2025
IJE_Volume38_Issue2_Pages488-502_Versionfinale.pdf,Design of Combined AHP-TOPSIS Model for Optimizing Selection of Injection Molding Machines,Int. J. of Engineering,2025
InfocomJ_2022_3_4_Khalfaoui.pdf,Decentralized Authentication Mechanism for Mobile Ad hoc Networks,Infocommunications Journal,2022
M3A_24_Book_of_Abstracts-31.pdf,A Hybrid Probabilistic Modeling Approach to Analyzing Overstock Risk in Inventory Management: Integrating Bayesian Network Inference with Fuzzy Logic (abstract),M3A 2024,2024
M3A_24_Book_of_Abstracts-57.pdf,Application of Serial Temporal Deep Learning Models in Statistical Control Chart for Process Stability Monitoring: A Case Study in Injection Molding Manufacturing (abstract),M3A 2024,2024
MVML_120 (1).pdf,Integrating Canny Filter and Convolutional Neural Networks for Quality Defect Detection in Injection Molding Process,EECSS'24 (MVML),2024
Microservices-Driven_Automation_in_Full-Stack_Deve.pdf,Microservices-Driven Automation in Full-Stack Development: Bridging Efficiency and Innovation with FSMicroGenerator,IEEE Access (manuscript),---
Paper (1).pdf,Review in Authentication for Mobile Ad hoc Network,---,---
Paper.pdf,An overview of the Security Improvements of Artificial Intelligence in MANET,---,---
Paper_101-Enhancing_Predictive_Analysis_of_Vehicle_Accident_Risk.pdf,Enhancing Predictive Analysis of Vehicle Accident Risk: A Fuzzy-Bayesian Approach,IJACSA,2024
Paper_113-Accurate_AI_Assistance_in_Contract_Law1.pdf,Accurate AI Assistance in Contract Law Using Retrieval-Augmented Generation to Advance Legal Technology,IJACSA,2025
Symbiotic_Combination_of_a_Bayesian_Network_and_Fu.pdf,Symbiotic Combination of a Bayesian Network and Fuzzy Logic to Quantify the QoS in a VANET: Application in Logistic 4.0,Computers,2023
Toward_Quantum-Safe_Permissioned_Blockchains_Evalu.pdf,Toward Quantum-Safe Permissioned Blockchains: Evaluating Hybrid ML-DSA-65/ECDSA Signatures on Hyperledger Fabric,IEEE Access (manuscript),---
Vol.13.No.7.13.pdf,Specification-Driven Synthetic Tabular Data Generation for System Validation and Management Decision Support,J. of Logistics Informatics and Service Science,2026
acs_25_66701.pdf,"Harnessing multi-source data for AI-Driven oncology insights: Productivity, trend, and sentiment analysis",Applied Computer Science,2025
acs_AIapplicationinmarketanalysis.pdf,The evolution and impact of artificial intelligence in market analysis: A quantitative bibliometric exploration of the past thirty-five (35) years,Applied Computer Science,2025
document.pdf,Machine learning-assisted decision support in industrial manufacturing: a case study on injection molding machine selection,IAES Int. J. of Artificial Intelligence,2025
poster_nihad.pdf,Development of a Blockchain Solution for Vehicle Management within a Consortium using Hyperledger Fabric (poster),---,---
